Crypto Scam URL,Scam Type
https://wealthbax.com/,"Fraudulent Trading Platform

Pig Butchering Scam

Romance Scam"
https://h5.wealthbax.com,"Fraudulent Trading Platform

Pig Butchering Scam

Romance Scam"
h5.wealthbax.com/#/,"Fraudulent Trading Platform

Pig Butchering Scam

Romance Scam"
h5.wealthbax.com,"Fraudulent Trading Platform

Pig Butchering Scam

Romance Scam"
wealthbax.com,"Fraudulent Trading Platform

Pig Butchering Scam

Romance Scam"
https://web.directcurrent.top/mobile/home,"Fraudulent Trading Platform

Pig Butchering Scam

Signal Selling Scam"
web.directcurrent.top,"Fraudulent Trading Platform

Pig Butchering Scam

Signal Selling Scam"
https://sildgroup.co/index.html#/home,"Fraudulent Trading Platform

Pig Butchering Scam

Investment Group Scam"
https://sildgroup.co,"Fraudulent Trading Platform

Pig Butchering Scam

Investment Group Scam"
sild.us,"Fraudulent Trading Platform

Pig Butchering Scam

Investment Group Scam"
https://www.btm-vip.com/#/,"Fraudulent Trading Platform

Imposter Scam

Pig Butchering Scam

Romance Scam"
www.bitaeqcke.net,"Fraudulent Trading Platform

Imposter Scam

Pig Butchering Scam

Romance Scam"
bitaeqcke.net,"Fraudulent Trading Platform

Imposter Scam

Pig Butchering Scam

Romance Scam"
btm-vip.com,"Fraudulent Trading Platform

Imposter Scam

Pig Butchering Scam

Romance Scam"
https://webelon.org,"Fraudulent Trading Platform

Imposter Scam

Crypto Giveaway/Airdrop Scam

Pig Butchering Scam"
webelon.org,"Fraudulent Trading Platform

Imposter Scam

Crypto Giveaway/Airdrop Scam

Pig Butchering Scam"
https://capiturly.io/,"Fraudulent Trading Platform

Pig Butchering Scam"
Capiturly.io,"Fraudulent Trading Platform

Pig Butchering Scam"
https://cfxlifestyle.com/,"Fraudulent Trading Platform

Pig Butchering Scam"
cfxlifestyle.com,"Fraudulent Trading Platform

Pig Butchering Scam"
https://yfiapp.com,"Fraudulent Trading Platform

Pig Butchering Scam"
www.YFIAPP.com,"Fraudulent Trading Platform

Pig Butchering Scam"
yfiapp.com,"Fraudulent Trading Platform

Pig Butchering Scam"
https://www.yfiapp.com/#/trading,"Fraudulent Trading Platform

Pig Butchering Scam"
https://bybukx.com/,"Fraudulent Trading Platform

Pig Butchering Scam"
https://bybukx.com,"Fraudulent Trading Platform

Pig Butchering Scam"
bybukx.com,"Fraudulent Trading Platform

Pig Butchering Scam"
0xlayer.top,"Fraudulent Trading Platform

Pig Butchering Scam"
https://0xlayer.top,"Fraudulent Trading Platform

Pig Butchering Scam"
0xcry.xyz,"Fraudulent Trading Platform

Pig Butchering Scam"
https://mvxnft.net,"Fraudulent Trading Platform

Pig Butchering Scam"
http://www.mvxnft.net,"Fraudulent Trading Platform

Pig Butchering Scam"
mvxnft.net,"Fraudulent Trading Platform

Pig Butchering Scam"
multiversx.zendesk.com,"Fraudulent Trading Platform

Pig Butchering Scam"
coinwns.com,"Fraudulent Trading Platform

Pig Butchering Scam

Investment Group Scam"
coinns.com,"Fraudulent Trading Platform

Pig Butchering Scam

Investment Group Scam"
coinsns.com,"Fraudulent Trading Platform

Pig Butchering Scam

Investment Group Scam"
https://xai-official.org/swap,"Fraudulent Trading Platform

Imposter Scam

Pig Butchering Scam"
https://h5.opacoin.net,"Investment Group Scam

Fraudulent Trading Platform

Imposter Scam

Pig Butchering Scam"
h5.opacoin.net,"Investment Group Scam

Fraudulent Trading Platform

Imposter Scam

Pig Butchering Scam"
https://trade.platform-seikum.org/,"Fraudulent Trading Platform

Pig Butchering Scam"
https://trade.platform-seikum.org/finances/history,"Fraudulent Trading Platform

Pig Butchering Scam"
https://Seikum.com,"Fraudulent Trading Platform

Pig Butchering Scam"
Seikum.com,"Fraudulent Trading Platform

Pig Butchering Scam"
seikum.org,"Fraudulent Trading Platform

Pig Butchering Scam"
trade.platform-seikum.org,"Fraudulent Trading Platform

Pig Butchering Scam"
https://www.fucoins.com/#/login?redirect=%2F,"Fraudulent Trading Platform

Pig Butchering Scam

Signal Selling Scam

Investment Group Scam"
https://www.fucoins.com,"Fraudulent Trading Platform

Pig Butchering Scam

Signal Selling Scam

Investment Group Scam"
https://fucoins.com,"Fraudulent Trading Platform

Pig Butchering Scam

Signal Selling Scam

Investment Group Scam"
fucoins.com,"Fraudulent Trading Platform

Pig Butchering Scam

Signal Selling Scam

Investment Group Scam"
https://piwbit.com/#/home,"Fraudulent Trading Platform

Pig Butchering Scam"
https://piwbit.com,"Fraudulent Trading Platform

Pig Butchering Scam"
piwbit.com,"Fraudulent Trading Platform

Pig Butchering Scam"
https://incapital.limited/en/login,"Fraudulent Trading Platform

Pig Butchering Scam"
https://incapital.limited,"Fraudulent Trading Platform

Pig Butchering Scam"
incapital.limited,"Fraudulent Trading Platform

Pig Butchering Scam"
incapital.com,"Fraudulent Trading Platform

Pig Butchering Scam"
incaptl.link,"Fraudulent Trading Platform

Pig Butchering Scam"
https://Bullish-dot.com,"Fraudulent Trading Platform

Pig Butchering Scam"
http://www.bullish-dot.com/,"Fraudulent Trading Platform

Pig Butchering Scam"
Bullish-dot.com,"Fraudulent Trading Platform

Pig Butchering Scam"
https://www.nrgbit.com/app/#/,"Fraudulent Trading Platform

Pig Butchering Scam

Investment Group Scam"
nrgbit.com,"Fraudulent Trading Platform

Pig Butchering Scam

Investment Group Scam"
https://nrgbit.com,"Fraudulent Trading Platform

Pig Butchering Scam

Investment Group Scam"
https://www.paxos-pro.top/#/login,Fraudulent Trading Platform
www.paxos-pro.top,Fraudulent Trading Platform
http://paxos-pro.top/,Fraudulent Trading Platform
birbayap.vip,"Fraudulent Trading Platform

Pig Butchering Scam

Romance Scam"
birbayos.vip,"Fraudulent Trading Platform

Pig Butchering Scam

Romance Scam"
bitbay.market,"Fraudulent Trading Platform

Pig Butchering Scam

Romance Scam"
https://bitbay.market/,"Fraudulent Trading Platform

Pig Butchering Scam

Romance Scam"
http://www.prolongers.vip/,"Fraudulent Trading Platform

Pig Butchering Scam"
prolongers.vip,"Fraudulent Trading Platform

Pig Butchering Scam"
https://bravehqnx.cc/,"Fraudulent Trading Platform

Imposter Scam

Pig Butchering Scam"
bravehqnx.cc,"Fraudulent Trading Platform

Imposter Scam

Pig Butchering Scam"
https://capitalhandelssystem.com/,"Fraudulent Trading Platform
Pig Butchering Scam
Romance Scam"
capitalhandelssystem.com,"Fraudulent Trading Platform
Pig Butchering Scam
Romance Scam"
https://absgbl.com/#/home,"Fraudulent Trading Platform

Pig Butchering Scam

Investment Group Scam"
https://absgbl.com,"Fraudulent Trading Platform

Pig Butchering Scam

Investment Group Scam"
absgbl.com,"Fraudulent Trading Platform

Pig Butchering Scam

Investment Group Scam"
https://www.topkex.com/,"Fraudulent Trading Platform
Pig Butchering Scam"
topkex.com,"Fraudulent Trading Platform
Pig Butchering Scam"
https://gccmoney.org/,Fraudulent Trading Platform
Gccmoney.org,Fraudulent Trading Platform
https://vbitex.com/,"Fraudulent Trading Platform
Pig Butchering Scam"
Vbitex.com,"Fraudulent Trading Platform
Pig Butchering Scam"
https://www.trusflow.com/#/,"Fraudulent Trading Platform
Pig Butchering Scam"
https://www.trusflow.com/,"Fraudulent Trading Platform
Pig Butchering Scam"
https://www.trusflow.com,"Fraudulent Trading Platform
Pig Butchering Scam"
trusflow.com,"Fraudulent Trading Platform
Pig Butchering Scam"
https://www.dreamadviser.com/,"Fraudulent Trading Platform

Pig Butchering Scam

AI Investment Scam

Investment Group Scam"
https://dreamadviser.com,"Fraudulent Trading Platform

Pig Butchering Scam

AI Investment Scam

Investment Group Scam"
opacoin.net,"Fraudulent Trading Platform

Pig Butchering Scam

AI Investment Scam

Investment Group Scam"
https://www.dreamadviser.com/,"Fraudulent Trading Platform
Pig Butchering Scam"
https://dreamadviser.com,"Fraudulent Trading Platform
Pig Butchering Scam"
opacoin.net,"Fraudulent Trading Platform
Pig Butchering Scam"
https://evencoinss.com/#/home,"Fraudulent Trading Platform

Pig Butchering Scam

Investment Group Scam"
http://evencoinss.com,"Fraudulent Trading Platform

Pig Butchering Scam

Investment Group Scam"
evencoinss.com,"Fraudulent Trading Platform

Pig Butchering Scam

Investment Group Scam"
https://www.provestics.com/index.php,"Fraudulent Trading Platform
Pig Butchering Scam"
http://www.provestics.com,"Fraudulent Trading Platform
Pig Butchering Scam"
provestics.com,"Fraudulent Trading Platform
Pig Butchering Scam"
https://gicb.bio/,Fraudulent Trading Platform
http://Gicb.bio,Fraudulent Trading Platform
Gicb.bio,Fraudulent Trading Platform
https://pc.hagradg.cc/#/?from=/user,"Fraudulent Trading Platform
Pig Butchering Scam"
pc.hagradg.cc,"Fraudulent Trading Platform
Pig Butchering Scam"
hagradg.cc,"Fraudulent Trading Platform
Pig Butchering Scam"
https://app.expertcapitalsus.com/,"Fraudulent Trading Platform
Livestream Scam
Pig Butchering Scam"
http://app.expertcapitalsus.com,"Fraudulent Trading Platform
Livestream Scam
Pig Butchering Scam"
app.expertcapitalsus.com,"Fraudulent Trading Platform
Livestream Scam
Pig Butchering Scam"
https://www.tiktok.com/@officialsebghiorghiu__?lang=en,"Fraudulent Trading Platform
Livestream Scam
Pig Butchering Scam"
https://trustpips.com/,"Fraudulent Trading Platform
Imposter Scam
Pig Butchering Scam"
Trustpips.com,"Fraudulent Trading Platform
Imposter Scam
Pig Butchering Scam"
https://accordcrypto.com/,"Fraudulent Trading Platform
Pig Butchering Scam"
https://accordcrypto.com,"Fraudulent Trading Platform
Pig Butchering Scam"
accordcrypto.com,"Fraudulent Trading Platform
Pig Butchering Scam"
https://www.graphwebtsiplus.com/mining2dex/index.html#/,"Fraudulent Trading Platform
Liquidity Mining Scam
Pig Butchering Scam"
web3mwy.com,"Fraudulent Trading Platform
Liquidity Mining Scam
Pig Butchering Scam"
http://dydxcc.com/,"Fraudulent Trading Platform

Pig Butchering Scam"
dydxcc.com,"Fraudulent Trading Platform

Pig Butchering Scam"
https://www.lklee.cc/,"Fraudulent Trading Platform

Pig Butchering Scam"
https://www.lklee.cc,"Fraudulent Trading Platform

Pig Butchering Scam"
www.lklee.cc,"Fraudulent Trading Platform

Pig Butchering Scam"
lklee.cc,"Fraudulent Trading Platform

Pig Butchering Scam"
https://www.publicip.vip/,"Fraudulent Trading Platform

Pig Butchering Scam"
https://www.publicip.vip,"Fraudulent Trading Platform

Pig Butchering Scam"
www.publicip.vip,"Fraudulent Trading Platform

Pig Butchering Scam"
Publicip.vip,"Fraudulent Trading Platform

Pig Butchering Scam"
http://www.bitvoxcoin.com/,"Pig Butchering Scam

Investment Group Scam"
http://bitvoxcoin.com,"Pig Butchering Scam

Investment Group Scam"
bitvoxcoin.com,"Pig Butchering Scam

Investment Group Scam"
https://bitpodo.com/,Pig Butchering Scam
https://bitpodo.com,Pig Butchering Scam
bitpodo.com,Pig Butchering Scam
trustfx.cc,Fraudulent Trading Platform
fx.trustfx.cc,Fraudulent Trading Platform
https://fx.trustfx.cc/pc/#/index,Fraudulent Trading Platform
https://gee5g.xyz/,Fraudulent Trading Platform
experttrdeanalysis.com,"Fraudulent Trading Platform

Pig Butchering Scam"
https://experttrdeanalysis.com/,"Fraudulent Trading Platform

Pig Butchering Scam"
Ethereum-Creditor.club,"Fraudulent Trading Platform

Pig Butchering Scam"
https://ethereum-creditor.club/#/,"Fraudulent Trading Platform

Pig Butchering Scam"
drafthex.com,"Fraudulent Trading Platform

Livestream Scam

Pig Butchering Scam"
https://drafthex.com/,"Fraudulent Trading Platform

Livestream Scam

Pig Butchering Scam"
https://www.antcontract.cc/contract/,"Fraudulent Trading Platform

Romance Scam

Pig Butchering Scam"
antcontract.cc,"Fraudulent Trading Platform

Romance Scam

Pig Butchering Scam"
https://web3-om.com,Fraudulent Trading Platform
Web3metachainportfolio.com,Fraudulent Trading Platform
web3-om.com,Fraudulent Trading Platform
https://btecgcrypto.vip/,"Fraudulent Trading Platform

Pig Butchering Scam"
btecgcrypto.vip,"Fraudulent Trading Platform

Pig Butchering Scam"
https://premier-financeltd.org/,"Fraudulent Trading Platform

Livestream Scam

Pig Butchering Scam"
premier-financeltd.org,"Fraudulent Trading Platform

Livestream Scam

Pig Butchering Scam"
https://www.bitcexs.com/h5/#/,"Fraudulent Trading Platform

Pig Butchering Scam"
bitcexs.com,"Fraudulent Trading Platform

Pig Butchering Scam"
https://lzfu.com,"Fraudulent Trading Platform

Advance Fee Scam"
https://www.effortsity.com/,"Fraudulent Trading Platform

Advance Fee Scam

Liquidity Mining Scam"
http://cipherxpro.com/,"Fraudulent Trading Platform

Advance Fee Scam

Liquidity Mining Scam"
http://www.erspce.org,"Fraudulent Trading Platform

High Yield Investment Program

Rug Pull Scam"
www.erspce.org/,"Fraudulent Trading Platform

High Yield Investment Program

Rug Pull Scam"
http://www.erspce.org,"Fraudulent Trading Platform

High Yield Investment Program

Rug Pull Scam"
www.erspce.org/,"Fraudulent Trading Platform

High Yield Investment Program

Rug Pull Scam"
https://www.energyinnovation.online/,"Pig Butchering Scam

Fraudulent Trading Platform

Romance Scam"
https://www.energyinnovation.online/pc/main,"Pig Butchering Scam

Fraudulent Trading Platform

Romance Scam"
http://www.paxfula.com/,"Pig Butchering Scam

Fraudulent Trading Platform"
http://www.kgfega.top/,"Pig Butchering Scam

Fraudulent Trading Platform"
https://elisabatex.com/,"Pig Butchering Scam

Fraudulent Trading Platform"
https://h5.ltex.top/,"Pig Butchering Scam

Fraudulent Trading Platform"
https://e-cryptotrading.com/app/#/,Fraudulent Trading Platform
https://e-cryptotrading.com/,Fraudulent Trading Platform
https://cxipro.com/#/pages/base/index,"Fraudulent Trading Platform

Pig Butchering Scam

Investment Group Scam"
www.cxisux.com,"Fraudulent Trading Platform

Pig Butchering Scam

Investment Group Scam"
https://cxipro.com/#/pages/base/index,"Fraudulent Trading Platform

Pig Butchering Scam

Signal Selling Scam

Investment Group Scam"
www.cxisux.com,"Fraudulent Trading Platform

Pig Butchering Scam

Signal Selling Scam

Investment Group Scam"
https://rollysolution.com/,Fraudulent Trading Platform
www.crypto-btcdeal.com,"Fraudulent Trading Platform

Pig Butchering Scam

Romance Scam"
https://www.crypto-btctep.com/#/,"Fraudulent Trading Platform

Pig Butchering Scam

Romance Scam"
www.crypto-btctep.com,"Fraudulent Trading Platform

Pig Butchering Scam

Romance Scam"
www.crypto-btcdeal.com,"Fraudulent Trading Platform

Pig Butchering Scam

Romance Scam"
https://yunshfex.com/en/index,"Fraudulent Trading Platform

Pig Butchering Scam

Romance Scam"
http://www.yunshfex.com,"Fraudulent Trading Platform

Pig Butchering Scam

Romance Scam"
https://pc.dbg-coltdfx.cc/#/,"Fraudulent Trading Platform

Pig Butchering Scam

Investment Group Scam"
http://m.xenocoins.com/,"Fraudulent Trading Platform

Pig Butchering Scam

Imposter Scam"
m.xenocoins.com,"Fraudulent Trading Platform

Pig Butchering Scam

Imposter Scam"
www.xonecoins.com,"Fraudulent Trading Platform

Pig Butchering Scam

Imposter Scam"
xonecoins.com,"Fraudulent Trading Platform

Pig Butchering Scam

Imposter Scam"
xenocoins.com,"Fraudulent Trading Platform

Pig Butchering Scam

Imposter Scam"
https://net.osain2023.com/,Fraudulent Trading Platform
www.net.osain2023.com,Fraudulent Trading Platform
www.osain2023.com,Fraudulent Trading Platform
https://celestia.bet,"Fraudulent Trading Platform

Pig Butchering Scam

Romance Scam

Imposter Scam"
www.bitix.net,"Fraudulent Trading Platform

Pig Butchering Scam

Romance Scam

Imposter Scam"
https://escortpro.com,"Fraudulent Trading Platform

Pig Butchering Scam

Investment Group Scam"
www.escortpro.com,"Fraudulent Trading Platform

Pig Butchering Scam

Investment Group Scam"
https://cbdexapi.pro,Fraudulent Trading Platform
https://cbdexapi.pro/#/,Fraudulent Trading Platform
https://aidex.tw,"Fraudulent Trading Platform

Pig Butchering Scam"
https://bitiqs.net/,"Fraudulent Trading Platform

Imposter Scam"
https://bitiqs.net,"Fraudulent Trading Platform

Imposter Scam"
http://zhibitexap.com/#/home,"Fraudulent Trading Platform

Pig Butchering Scam"
https://zhibitexap.com,"Fraudulent Trading Platform

Pig Butchering Scam"
zhibitexap.com,"Fraudulent Trading Platform

Pig Butchering Scam"
http://www.lontl-fx.com/#/,"Fraudulent Trading Platform

Pig Butchering Scam

Romance Scam

Signal Selling Scam"
Lontl-fx.com,"Fraudulent Trading Platform

Pig Butchering Scam

Romance Scam

Signal Selling Scam"
lontl-fn.com,"Fraudulent Trading Platform

Pig Butchering Scam

Romance Scam

Signal Selling Scam"
http://www.lontl-fx.com/#/,"Fraudulent Trading Platform

Pig Butchering Scam

Romance Scam"
Lontl-fx.com,"Fraudulent Trading Platform

Pig Butchering Scam

Romance Scam"
lontl-fn.com,"Fraudulent Trading Platform

Pig Butchering Scam

Romance Scam"
spikefxfasttrade.com,"Fraudulent Trading Platform

Pig Butchering Scam"
https://spikefxfasttrade.com/,"Fraudulent Trading Platform

Pig Butchering Scam"
https://www.coinegg.com/,"Fraudulent Trading Platform

Pig Butchering Scam

Romance Scam"
http://coinegg.com,"Fraudulent Trading Platform

Pig Butchering Scam

Romance Scam"
https://tetherpool.art/,"Fraudulent Trading Platform

Pig Butchering Scam"
tetherpool.art,"Fraudulent Trading Platform

Pig Butchering Scam"
tetherpool.top,"Fraudulent Trading Platform

Pig Butchering Scam"
https://www.bdswissasias.com/,"Fraudulent Trading Platform

Pig Butchering Scam

Investment Group Scam

Imposter Scam

Signal Selling Scam"
https://m.bdswissasias.com/#/,"Fraudulent Trading Platform

Pig Butchering Scam

Investment Group Scam

Imposter Scam

Signal Selling Scam"
https://global.bdswiss.com/,"Fraudulent Trading Platform

Pig Butchering Scam

Investment Group Scam

Imposter Scam

Signal Selling Scam"
bdswissasias.com,"Fraudulent Trading Platform

Pig Butchering Scam

Investment Group Scam

Imposter Scam

Signal Selling Scam"
m.bdswissasias.com,"Fraudulent Trading Platform

Pig Butchering Scam

Investment Group Scam

Imposter Scam

Signal Selling Scam"
https://www.bdswissasias.com/,"Fraudulent Trading Platform

Pig Butchering Scam

Imposter Scam

Signal Selling Scam"
https://m.bdswissasias.com/#/,"Fraudulent Trading Platform

Pig Butchering Scam

Imposter Scam

Signal Selling Scam"
https://global.bdswiss.com/,"Fraudulent Trading Platform

Pig Butchering Scam

Imposter Scam

Signal Selling Scam"
bdswissasias.com,"Fraudulent Trading Platform

Pig Butchering Scam

Imposter Scam

Signal Selling Scam"
m.bdswissasias.com,"Fraudulent Trading Platform

Pig Butchering Scam

Imposter Scam

Signal Selling Scam"
https://flrmeshworknet.us,"Fraudulent Trading Platform

Crypto Giveaway/Airdrop Scam

Hacking

Imposter Scam

Pig Butchering Scam"
https://friktionali.com/h5,"Fraudulent Trading Platform

Imposter Scam

Pig Butchering Scam"
http://h5.coinmatevip.com,"Fraudulent Trading Platform

Pig Butchering Scam

Investment Group Scam

Imposter Scam"
h5.coinmatevip.com,"Fraudulent Trading Platform

Pig Butchering Scam

Investment Group Scam

Imposter Scam"
https://coinmatevip.com,"Fraudulent Trading Platform

Pig Butchering Scam

Investment Group Scam

Imposter Scam"
coinmatevip.com,"Fraudulent Trading Platform

Pig Butchering Scam

Investment Group Scam

Imposter Scam"
coinmatevp.com,"Fraudulent Trading Platform

Pig Butchering Scam

Investment Group Scam

Imposter Scam"
https://coobe.im,Fraudulent Trading Platform
http://www.genieproxchange.com/,Fraudulent Trading Platform
https://tnegcoin.com/#/,"Fraudulent Trading Platform

Investment Group Scam

Signal Selling Scam"
http://legionfxtrader.com/,"Pig Butchering Scam

Fraudulent Trading Platform"
http://metae5exchange.com/,"Pig Butchering Scam

Fraudulent Trading Platform"
https://daletrades.com/,"Pig Butchering Scam

Fraudulent Trading Platform"
http://www.cryptowalletusd.com,"Pig Butchering Scam

Fraudulent Trading Platform

Imposter Scam"
www.cryptowallettc.com,"Pig Butchering Scam

Fraudulent Trading Platform

Imposter Scam"
http://www.cryptowalletusdt.com,"Pig Butchering Scam

Fraudulent Trading Platform

Imposter Scam"
www.cryptocomwallet.xyz,"Pig Butchering Scam

Fraudulent Trading Platform

Imposter Scam"
https://investdigitalfx.com/,"Pig Butchering Scam

Fraudulent Trading Platform"
https://pacpb.com/p/contact,"Pig Butchering Scam

Fraudulent Trading Platform"
https://cryptoxchangepro.com/,"Fraudulent Trading Platform

Asset Recovery Scam"
https://korsankopya.com,"Pig Butchering Scam

Fraudulent Trading Platform

Imposter Scam"
makerealscents.com,"Pig Butchering Scam

Fraudulent Trading Platform

Imposter Scam"
https://amgexohn.com/,"Pig Butchering Scam

Fraudulent Trading Platform"
www.amgexohn.com,"Pig Butchering Scam

Fraudulent Trading Platform"
https://amgexali.com/h5#/home,"Pig Butchering Scam

Fraudulent Trading Platform"
https://amgexohn.com/,"Pig Butchering Scam

Fraudulent Trading Platform"
www.amgexohn.com,"Pig Butchering Scam

Fraudulent Trading Platform"
https://amgexali.com/h5#/home,"Pig Butchering Scam

Fraudulent Trading Platform"
https://amgexohn.com/,"Pig Butchering Scam

Fraudulent Trading Platform"
www.amgexohn.com,"Pig Butchering Scam

Fraudulent Trading Platform"
https://amgexali.com/h5#/home,"Pig Butchering Scam

Fraudulent Trading Platform"
http://cryptotableservice.com/,"Pig Butchering Scam 

Fraudulent Trading Platform"
https://cryptotableservice.com/h5/,"Pig Butchering Scam 

Fraudulent Trading Platform"
http://harordc.com/,"Pig Butchering Scam 

Fraudulent Trading Platform"
https://m.zaifint.net/#/,"Pig Butchering Scam 

Fraudulent Trading Platform"
www.exmartexe.com,"Pig Butchering Scam 

Fraudulent Trading Platform"
https://exmartexe.com/,"Pig Butchering Scam 

Fraudulent Trading Platform"
www.sparkrlv.com,"Fraudulent Trading Platform

Pig Butchering Scam

Advance Fee Scam"
https://presale.kittycoin.app,"Livestream Scam

Fraudulent Trading Platform

Imposter Scam"
www.pnecoin.com,"Fraudulent Trading Platform

Pig Butchering Scam"
tydmgroup.co,"Fraudulent Trading Platform

Pig Butchering Scam

Signal Selling Scam"
Fonnex.com,Fraudulent Trading Platform
crypto-cex.global,"Fraudulent Trading Platform

Imposter Scam"
m.securityplatf.com,"Fraudulent Trading Platform

Pig Butchering Scam

Investment Group Scam"
m.securityscoin.com,"Fraudulent Trading Platform

Pig Butchering Scam

Investment Group Scam"
m.security-jys.com,"Fraudulent Trading Platform

Pig Butchering Scam

Investment Group Scam"
m.securitymce.com,"Fraudulent Trading Platform

Pig Butchering Scam

Investment Group Scam"
m.dcgdcgcom.com,"Fraudulent Trading Platform

Pig Butchering Scam

Investment Group Scam"
https://volcanic.exchange/#/home,"Fraudulent Trading Platform

Pig Butchering Scam"
http://www.Nportfolio.com,"Fraudulent Trading Platform

Imposter Scam"
http://kucoinpromax.online,"Fraudulent Trading Platform

Pig Butchering Scam

Romance Scam"
http://kucoinpromax.online/h5/#/,"Fraudulent Trading Platform

Pig Butchering Scam

Romance Scam"
https://www.kucoinpromax.online,"Fraudulent Trading Platform

Pig Butchering Scam

Romance Scam"
https://www.kucoinpromax.online/h5/#/,"Fraudulent Trading Platform

Pig Butchering Scam

Romance Scam"
https://xanelex.com,"Livestream Scam

Fraudulent Trading Platform"
https://www.xanelex.com/,"Livestream Scam

Fraudulent Trading Platform"
https://www.coinsbitfx.com,Fraudulent Trading Platform
http://www.goldle.com/,"AI Investment Scam

Fraudulent Trading Platform"
https://whiz-latam.org,Fraudulent Trading Platform
http://www.whiz-latam.org,Fraudulent Trading Platform
http://whiz-latam.net/,Fraudulent Trading Platform
http://www.bitcoinfxtrades.com/,Fraudulent Trading Platform
https://wap.agimx.com/,"Fraudulent Trading Platform

AI Investment Scam"
http://wap.cse-krypto.co/,"Fraudulent Trading Platform

AI Investment Scam"
http://www.enw.cc/,"Fraudulent Trading Platform

Pig Butchering Scam"
https://www.vims.one/#/,"Fraudulent Trading Platform

Investment Group Scam

Signal Selling Scam"
https://www.vims.one,"Fraudulent Trading Platform

Investment Group Scam

Signal Selling Scam"
http://www.doublexrp.org/,"Fraudulent Trading Platform

Imposter Scam

Crypto Giveaway/Airdrop Scam"
http://globalfxscouts.com,Fraudulent Trading Platform
www.starliner.net,"Fraudulent Trading Platform

Crypto Giveaway/Airdrop Scam

Imposter Scam"
https://blackrock-us.vip/#/,"Fraudulent Trading Platform

Imposter Scam"
https://blackrock-us.com,"Fraudulent Trading Platform

Imposter Scam"
https://crypto4winners.com/,"Fraudulent Trading Platform

Liquidity Mining Scam"
http://silkglobaltop.com/,Fraudulent Trading Platform
www.desktradingpro.com,Fraudulent Trading Platform
https://desktradingpro.com/,Fraudulent Trading Platform
https://m.kngworld.com/h5/#/,"Fraudulent Trading Platform

Pig Butchering Scam"
https://www.flowmarketpro.com/,"Fraudulent Trading Platform

Pig Butchering Scam"
http://www.bmatxio.com/,Fraudulent Trading Platform
https://pc.coincap.market/#/,"Fraudulent Trading Platform

Pig Butchering Scam"
https://pc.coincap.market/#/home,"Fraudulent Trading Platform

Pig Butchering Scam"
https://pbity.com/,"Fraudulent Trading Platform

Pig Butchering Scam

Imposter Scam

Investment Group Scam"
http://bitcoin-cheats.com/,"Fraudulent Trading Platform

Crypto Job Scam"
coinsfasttrades.com,Fraudulent Trading Platform
https://www.coinbitjzsc.top/#/,"Fraudulent Trading Platform

Pig Butchering Scam 

Signal Selling Scam"
www.coinbitjszc.top,"Fraudulent Trading Platform

Pig Butchering Scam 

Signal Selling Scam"
Phemex.cyou,"Fraudulent Trading Platform

Pig Butchering Scam

Imposter Scam"
Phemex.icu,"Fraudulent Trading Platform

Pig Butchering Scam

Imposter Scam"
https://www.ajcoins.com/#/home,"Fraudulent Trading Platform

Signal Selling Scam"
https://onewaydigitalc.com/,Fraudulent Trading Platform
https://dailyharvestltd.com/en,"Fraudulent Trading Platform

Pig Butchering Scam

Imposter Scam

Signal Selling Scam"
https://m.invastfex.cc/#/,"Fraudulent Trading Platform

Pig Butchering Scam

Signal Selling Scam

Romance Scam"
https://www.aex.lol/trade/login.html,"Fraudulent Trading Platform

Imposter Scam"
https://haruinvest.com/,"Fraudulent Trading Platform

AI Investment Scam"
https://nasdaqon.com/#/,"Fraudulent Trading Platform

Romance Scam

Pig Butchering Scam"
http://dartya.com/,"Fraudulent Trading Platform

Crypto Job Scam"
http://www.itexustrade.com,"Fraudulent Trading Platform

Pig Butchering Scam

Imposter Scam"
https://www.fidefx.cc/h5,"Fraudulent Trading Platform

Pig Butchering Scam"
https://www.fidefx.cc/,"Fraudulent Trading Platform

Pig Butchering Scam"
https://www.bravaofx.com/,Fraudulent Trading Platform
https://bippax.com/#/home,"Fraudulent Trading Platform

Investment Group Scam"
https://www.elwallets.com/#/home,"Fraudulent Trading Platform

Investment Group Scam"
https://www.digicoins.cc/,Fraudulent Trading Platform
https://youbitpro.me/#/,"Fraudulent Trading Platform

Pig Butchering Scam"
http://www.dobsz.vip/,"Fraudulent Trading Platform

Pig Butchering Scam"
www.publicrealm.pro,"Fraudulent Trading Platform

Pig Butchering Scam"
https://gmelaunch.com/,"Fraudulent Trading Platform

Hacking

Crypto Wallet Drainer Attack"
Whitemaxus.com,"Fraudulent Trading Platform

Pig Butchering Scam"
http://whitemax.us/,"Fraudulent Trading Platform

Pig Butchering Scam"
https://whitemaxud.com/,"Fraudulent Trading Platform

Pig Butchering Scam"
https://www.whitemaxud.com/index.htm,"Fraudulent Trading Platform

Pig Butchering Scam"
https://www.globaltekforex.com/,"Fraudulent Trading Platform

Pig Butchering Scam

Romance Scam"
http://turtsgrupfk.top/,"Fraudulent Trading Platform

Pig Butchering Scam"
https://primegroup.global/,Fraudulent Trading Platform
https://mantao.network/,"Fraudulent Trading Platform

Hacking

Imposter Scam

Crypto Wallet Drainer Attack"
https://mantao.network/?&url=https://manta.network/about.html&gclid=CjwKCAiA7t6sBhAiEiwAsaieYmZ7tuWtP03dhdwSIoX6Cg7pKa07jQb0ynBMcTJ7lhlJQ_RZW5l3TRoCRjUQAvD_BwE,"Fraudulent Trading Platform

Hacking

Imposter Scam

Crypto Wallet Drainer Attack"
http://www.darwave.com/,"Pig Butchering Scam

Fraudulent Trading Platform"
https://trustedstations.com/,"Fraudulent Trading Platform

Advance Fee Scam"
http://good-bookingline.com/,"Fraudulent Trading Platform

Crypto Job Scam"
https://bitcoinified.com/,"Fraudulent Trading Platform

Advance Fee Scam"
http://bakktunt.com/,"Pig Butchering Scam

Fraudulent Trading Platform

Advance Fee Scam

Imposter Scam"
http://bakktexe.com/,"Pig Butchering Scam

Fraudulent Trading Platform

Advance Fee Scam

Imposter Scam"
https://micavhe.top,"Fraudulent Trading Platform

Asset Recovery Scam

Imposter Scam"
https://e.fidelityopt.com,"Romance Scam

Fraudulent Trading Platform"
http://cyruptagdfx.top/,"Pig Butchering Scam

Fraudulent Trading Platform

Signal Selling Scam"
http://safepalesa.com/,Fraudulent Trading Platform
http://loomoptionsmarket.com/,"Pig Butchering Scam

Fraudulent Trading Platform"
http://cglobalw.com/,"Pig Butchering Scam

Fraudulent Trading Platform

Imposter Scam"
ethernet035.com,"Pig Butchering Scam

Fraudulent Trading Platform

Liquidity Mining Scam"
http://ethereumxcorp.com/,Fraudulent Trading Platform
http://wmt-exchange.org/,"Pig Butchering Scam

Fraudulent Trading Platform"
https://ccy-space.com/,"Pig Butchering Scam

Fraudulent Trading Platform

Liquidity Mining Scam"
https://lidcoin.vip/#/home,Fraudulent Trading Platform
h5.lidcoin.vip,Fraudulent Trading Platform
https://legalcryptocoinstrade.com/,"Fraudulent Trading Platform

Advance Fee Scam"
https://www.vexjex.cc/login/reg.html?t=1&c=914529,"Pig Butchering Scam

Fraudulent Trading Platform"
https://apyeth.gifts/,"Identity Theft

Hacking"
http://getbonusx2.com/,"Fraudulent Trading Platform

Imposter Scam

Livestream Scam"
https://getbonusx2.com/,"Fraudulent Trading Platform

Imposter Scam

Livestream Scam"
https://getx2.net/?__cf_chl_tk=cgXuBo5NxQrxr3dAbgcCyGj9XCQQne8TM2C7_yRTmwM-1691297976-0-gaNycGzNC3s,"Fraudulent Trading Platform

Imposter Scam

Livestream Scam"
CDFXTrade.online,"Romance Scam

Imposter Scam

Pig Butchering Scam

Advance Fee Scam"
Comericafinancialbk.com,"Romance Scam

Imposter Scam

Pig Butchering Scam

Advance Fee Scam"
http://bitso-crypto.top/,"Romance Scam

Pig Butchering Scam

Fraudulent Trading Platform"
https://bytobit.com/,"Fraudulent Trading Platform

High Yield Investment Program"
svcoin.space,"Bitcoin Mining Scam

Identity Theft

Advance Fee Scam"
my-minings.top,"Bitcoin Mining Scam

Identity Theft

Advance Fee Scam"
/cdn-cgi/l/email-protection,"Fraudulent Trading Platform

Pig Butchering Scam"
https://www.ceggcc.vip/,"Fraudulent Trading Platform

Pig Butchering Scam"
https://mobile.coinbaseltdus.com/#/Product,"Fraudulent Trading Platform

Pig Butchering Scam"
https://www.exnow.com/,"Fraudulent Trading Platform

Pig Butchering Scam

Advance Fee Scam"
https://www.kenskrksr.com/,"Fraudulent Trading Platform

Pig Butchering Scam

Asset Recovery Scam

AI Investment Scam"
http://firstmining.top/,"Liquidity Mining Scam

Advance Fee Scam"
https://firstmining.top/account/,"Liquidity Mining Scam

Advance Fee Scam"
http://mindstoneltd.org/,Fraudulent Trading Platform
http://whitcoinpro.net/,Fraudulent Trading Platform
https://coinproxus.com/,"Hacking

Identity Theft

Fraudulent Trading Platform"
www.coinproxus.com,"Hacking

Identity Theft

Fraudulent Trading Platform"
http://xcoin-trading.com/,Fraudulent Trading Platform
https://xcoin-trading.com,Fraudulent Trading Platform
http://sundell-fx.com/,"Pig Butchering Scam

Fraudulent Trading Platform"
http://fxalliance-trader.com/,Fraudulent Trading Platform
http://fxalliance-traders.com/,Fraudulent Trading Platform
https://drwaps.com,"Pig Butchering Scam

Fraudulent Trading Platform"
Spotalertweb.com,"Fraudulent Trading Platform

Hacking"
fpmotc.vip,"Romance Scam

Pig Butchering Scam

Fraudulent Trading Platform"
https://bitcoin-win.com/app/#/,"Fraudulent Trading Platform

Advance Fee Scam"
https://url6652.creators.gumroad.com,"Identity Theft

Imposter Scam"
https:/www.bityardpro.com,"Fraudulent Trading Platform

Advance Fee Scam"
www.bityardit.com,"Fraudulent Trading Platform

Advance Fee Scam"
moodyfx.com,"Pig Butchering Scam

Fraudulent Trading Platform"
https://us.gocoinoptions.com,"Fraudulent Trading Platform

Advance Fee Scam"
https://justtice.com/,"Fraudulent Trading Platform

Asset Recovery Scam"
julysil-support.com,"Fraudulent Trading Platform

Asset Recovery Scam"
julysil-bit.com,"Fraudulent Trading Platform

Asset Recovery Scam"
julysil-coin.com,"Fraudulent Trading Platform

Asset Recovery Scam"
julysil-pro.com,"Fraudulent Trading Platform

Asset Recovery Scam"
julysilcoin.com,"Fraudulent Trading Platform

Asset Recovery Scam"
julysilpro.com,"Fraudulent Trading Platform

Asset Recovery Scam"
juzhiju.com,"Fraudulent Trading Platform

Asset Recovery Scam"
http://mt7coin.com/,"Fraudulent Trading Platform

Asset Recovery Scam"
https://pinance.io/,Fraudulent Trading Platform
https://appradiantcapital.com/,"Hacking

Imposter Scam"
https://www.google.com/aclk?sa=l&ai=DChcSEwjX3KbR-vH9AhUILa0GHUAmB9YYABAAGgJwdg&sig=AOD64_3VG8JOtxYHxxUcNG1lhcoQPu1MwA&q&adurl&ved=2ahUKEwil6pzR-vH9AhXsDkQIHbCKAcUQ0Qx6BAgJEAE.,"Hacking

Imposter Scam"
https://www.uobvip.com/#/home,"Fraudulent Trading Platform

Asset Recovery Scam"
www.dahuatop.com,"Fraudulent Trading Platform

Asset Recovery Scam"
http://www.dahuagvip.com/,"Fraudulent Trading Platform

Asset Recovery Scam"
chonghingvip.com,"Fraudulent Trading Platform

Asset Recovery Scam"
https://bitcoinvestcloud.com/,"Fraudulent Trading Platform

Pig Butchering Scam"
https://bitcoinvestcloud.com/c_login/user/dashboard.php,"Fraudulent Trading Platform

Pig Butchering Scam"
https://unixfxtrades.live/,"Pig Butchering Scam

Fraudulent Trading Platform

Bitcoin Mining Scam"
https://crystallinkzen.com/,"Fraudulent Trading Platform

Bitcoin Mining Scam"
http://coinrus.com/,"Pig Butchering Scam

Fraudulent Trading Platform

Imposter Scam"
https://www.coinrus.com,"Pig Butchering Scam

Fraudulent Trading Platform

Imposter Scam"
http://coinrus.com/,"Pig Butchering Scam

Fraudulent Trading Platform

Imposter Scam"
https://www.coinrus.com,"Pig Butchering Scam

Fraudulent Trading Platform

Imposter Scam"
http://cmecoinvip.com/,"Pig Butchering Scam

Fraudulent Trading Platform

Romance Scam"
http://fileserverj.com/,"Pig Butchering Scam

Fraudulent Trading Platform

Romance Scam"
http://bitglobaloptions.com/,"Pig Butchering Scam

Fraudulent Trading Platform"
https://bitglobaloptn.com/,"Pig Butchering Scam

Fraudulent Trading Platform"
http://www.kubhc.vip,"Pig Butchering Scam

Fraudulent Trading Platform

Imposter Scam"
https://www.kubkhy.vip/download,"Pig Butchering Scam

Fraudulent Trading Platform

Imposter Scam"
coinhakoxds.com,"Pig Butchering Scam

Fraudulent Trading Platform

Imposter Scam"
hkselead.com,"Pig Butchering Scam

Imposter Scam"
https://hkselead.com/en/,"Pig Butchering Scam

Imposter Scam"
http://coppercrypto.info/,"Pig Butchering Scam

Imposter Scam"
http://www.file-coinfo.com/,Fraudulent Trading Platform
https://www.file-coinfo.com,Fraudulent Trading Platform
https://wincoining.com/#/,"Pig Butchering Scam

Fraudulent Trading Platform

High Yield Investment Program

Signal Selling Scam"
https://doexurd.com/#/home,"Pig Butchering Scam

Fraudulent Trading Platform

High Yield Investment Program

Signal Selling Scam"
https://pbexurd.com/#/home,"Pig Butchering Scam

Fraudulent Trading Platform

High Yield Investment Program

Signal Selling Scam"
http://defi.wallet-usdt-eth.com/,"Pig Butchering Scam

Fraudulent Trading Platform

Liquidity Mining Scam"
http://defi.wallet-usdt-eth-erc20.com/,"Pig Butchering Scam

Fraudulent Trading Platform

Liquidity Mining Scam"
http://usdcde.site/,Imposter Scam
http://thebigmars.com/,"Fraudulent Trading Platform

Crypto Giveaway/Airdrop Scam

Advance Fee Scam"
https://www.bybpoz.com/download,"Pig Butchering Scam

Fraudulent Trading Platform"
http://bybpoz.com/,"Pig Butchering Scam

Fraudulent Trading Platform"
http://imxofz.vip/download,"Pig Butchering Scam

Fraudulent Trading Platform"
http://asproex.com/,"Pig Butchering Scam

Fraudulent Trading Platform

Advance Fee Scam

High Yield Investment Program"
https://www.energisetrade.com/,"Pig Butchering Scam

Fraudulent Trading Platform"
https://t.me/lisareviews,Advance Fee Scam
https://liquldohn.com/#/home,"Pig Butchering Scam

Fraudulent Trading Platform"
https://liquldohn.com/h5,"Pig Butchering Scam

Fraudulent Trading Platform"
http://mineslots.site/,"Bitcoin Mining Scam

Advance Fee Scam"
https://redparnet.site/,"Bitcoin Mining Scam

Advance Fee Scam"
pro-btmining.site,"Bitcoin Mining Scam

Advance Fee Scam"
http://a16zcrypto.buzz/,"Pig Butchering Scam

Fraudulent Trading Platform

Imposter Scam"
a16zcrypto.buzz,"Pig Butchering Scam

Fraudulent Trading Platform

Imposter Scam"
a16zcrytpo.com,"Pig Butchering Scam

Fraudulent Trading Platform

Imposter Scam"
A16Zcrypto.cc/H5/#,"Pig Butchering Scam

Fraudulent Trading Platform

Imposter Scam"
http://bcgmts.vip/,"Pig Butchering Scam

Fraudulent Trading Platform"
http://bcgros.vip/,"Pig Butchering Scam

Fraudulent Trading Platform"
http://bcgmnt.vip/,"Pig Butchering Scam

Fraudulent Trading Platform"
https://changellytrade.com/#/,"Pig Butchering Scam

Fraudulent Trading Platform

Imposter Scam"
http://icexax.com/,"Pig Butchering Scam

Fraudulent Trading Platform

Imposter Scam

Investment Group Scam"
http://icexas.com/,"Pig Butchering Scam

Fraudulent Trading Platform

Imposter Scam

Investment Group Scam"
https://i-cex.com/,"Pig Butchering Scam

Fraudulent Trading Platform

Imposter Scam

Investment Group Scam"
icetrade.cc,"Pig Butchering Scam

Fraudulent Trading Platform

Imposter Scam

Investment Group Scam"
Icexas.com,"Pig Butchering Scam

Fraudulent Trading Platform

Imposter Scam

Investment Group Scam"
Icextee.top,"Pig Butchering Scam

Fraudulent Trading Platform

Imposter Scam

Investment Group Scam"
https://user.fcrown.info/,"Romance Scam

Pig Butchering Scam

Fraudulent Trading Platform"
http://foundrypro.net/,"Pig Butchering Scam

Fraudulent Trading Platform"
http://h5.opensoilx.com/#/pages/auth/register,"Fraudulent Trading Platform

Imposter Scam"
https://247tradegrowth.net/faq.php,"Liquidity Mining Scam

Pig Butchering Scam

Fraudulent Trading Platform"
https://247tradegrowth.net,"Liquidity Mining Scam

Pig Butchering Scam

Fraudulent Trading Platform"
/cdn-cgi/l/email-protection,"Pig Butchering Scam

Imposter Scam"
https://hoo.com/,Fraudulent Trading Platform
https://bac-snx.com/bakery/BAKEV2/SNX,"Liquidity Mining Scam 

Fraudulent Trading Platform

High Yield Investment Program"
https://benitorevilla.com/,"Pig Butchering Scam

Fraudulent Trading Platform

Advance Fee Scam

Imposter Scam"
http://rapidforextrade.com/,"Pig Butchering Scam

Fraudulent Trading Platform

Bitcoin Mining Scam"
https://dapps-eth.io/,"Pig Butchering Scam

Fraudulent Trading Platform"
manapool-eth.com,"Pig Butchering Scam

Fraudulent Trading Platform"
www.manapool-eth.info,"Pig Butchering Scam

Fraudulent Trading Platform"
http://eth-finance.io/,"Pig Butchering Scam

Fraudulent Trading Platform"
https://www.hydefieco.com,"Liquidity Mining Scam

Pig Butchering Scam

Fraudulent Trading Platform

Advance Fee Scam"
https://osoptionexchange.com/,Fraudulent Trading Platform
http://tahoe-dex.com/,"Pig Butchering Scam

Fraudulent Trading Platform

Romance Scam"
https://Tahoe-dex.com/dist,"Pig Butchering Scam

Fraudulent Trading Platform

Romance Scam"
https://HodlSoftLtd.com,"Pig Butchering Scam

Fraudulent Trading Platform

Romance Scam"
https://hodlsoftltd.com/education.html,"Pig Butchering Scam

Fraudulent Trading Platform

Romance Scam"
www.fun-eth.com,"Pig Butchering Scam

Fraudulent Trading Platform

Romance Scam"
Privmoney.com,Fraudulent Trading Platform
https://airdrop-strategy.com/,"Pig Butchering Scam

Giveaway/Airdrop Scam

Advance Fee Scam

Imposter Scam"
https://www.youtube.com/user/ralowe666,"Pig Butchering Scam

Giveaway/Airdrop Scam

Advance Fee Scam

Imposter Scam"
https://mobile.coinbaseltdus.com/pc.html,"Pig Butchering Scam

Fraudulent Trading Platform

Romance Scam

Imposter Scam"
https://obgfx.cc/,"Pig Butchering Scam

Fraudulent Trading Platform"
https://uniswap.llc/,"Fraudulent Trading Platform

Pig Butchering Scam

Liquidity Mining Scam

Imposter Scam"
Voyanx.com/,"Pig Butchering Scam

Fraudulent Trading Platform"
https://penzolead.com,"Pig Butchering Scam

Fraudulent Trading Platform"
http://eth-wintermute.net/,"Fraudulent Trading Platform

Pig Butchering Scam

Imposter Scam"
https://unisonfx.com/,"Pig Butchering Scam

Fraudulent Trading Platform

Signal Selling Scam"
www.reliableoptiontrade.com,"Pig Butchering Scam

Fraudulent Trading Platform

Advance Fee Scam"
http://rbhoodc.com/,"Pig Butchering Scam

Fraudulent Trading Platform

Imposter Scam"
http://rbhoodz.com/,"Pig Butchering Scam

Fraudulent Trading Platform

Imposter Scam"
http://rbhoodd.xyz/,"Pig Butchering Scam

Fraudulent Trading Platform

Imposter Scam"
http://infinityoption.net/,"Pig Butchering Scam

Fraudulent Trading Platform"
https://gechains.com/,Fraudulent Trading Platform
https://tonyalinberker.com/,"Fraudulent Trading Platform

Advance Fee Scam"
https://www.mu-fgpro.info/,"Pig Butchering Scam

Fraudulent Trading Platform

Advance Fee Scam"
https://trade1960.com/,"Pig Butchering Scam

Fraudulent Trading Platform"
rakutenetopd.com/h5,"Pig Butchering Scam

Imposter Scam

Fraudulent Trading Platform

Romance Scam"
dcex-exchange.com,Fraudulent Trading Platform
https://www.dcex-exchange.com/mobile/index.html,Fraudulent Trading Platform
Zcorg01.com,"Pig Butchering Scam

Fraudulent Trading Platform"
FTXbuy66.com,"Pig Butchering Scam

Fraudulent Trading Platform"
https://sunbitproa.com/,Fraudulent Trading Platform
https://simexkyc.com/#/home,"Pig Butchering Scam

Fraudulent Trading Platform

Imposter Scam"
www.simexrue.com,"Pig Butchering Scam

Fraudulent Trading Platform

Imposter Scam"
simexyum.com,"Pig Butchering Scam

Fraudulent Trading Platform

Imposter Scam"
simexdef.com/app,"Pig Butchering Scam

Fraudulent Trading Platform

Imposter Scam"
fx-yongying.com,"Pig Butchering Scam

Fraudulent Trading Platform"
CoinMicro.org,"Liquidity Mining Scam

Pig Butchering Scam"
cmecrypto.com,"Pig Butchering Scam

Liquidity Mining Scam

Romance Scam

Imposter Scam"
cme886.cuz,"Pig Butchering Scam

Liquidity Mining Scam

Romance Scam

Imposter Scam"
cmebuy.com,"Pig Butchering Scam

Liquidity Mining Scam

Romance Scam

Imposter Scam"
xcmerde3.top,"Pig Butchering Scam

Liquidity Mining Scam

Romance Scam

Imposter Scam"
https://cointrademining.com,"Pig Butchering Scam

Fraudulent Trading Platform

High Yield Investment Program"
https://m.coinlist.vip/home,"Fraudulent Trading Platform

Imposter Scam"
https://m.coinlistro.com,"Fraudulent Trading Platform

Imposter Scam"
https://coindcx.win,"Pig Butchering Scam

Fraudulent Trading Platform

Imposter Scam"
Coinworldage.com,"Pig Butchering Scam

Fraudulent Trading Platform

Imposter Scam"
Coinworldlin.com,"Pig Butchering Scam

Fraudulent Trading Platform

Imposter Scam"
coinbasetv.com,"Pig Butchering Scam

Fraudulent Trading Platform

Imposter Scam"
https://coinftx.io,"Pig Butchering Scam

Fraudulent Trading Platform

Imposter Scam"
bxbcc.com,"Pig Butchering Scam

Fraudulent Trading Platform

Investment Group Scam"
https://coinbase.ii36vip,"Pig Butchering Scam
Imposter Scam
Fraudulent Trading Platform"
https://247cryptobase.com,"Pig Butchering Scam

Liquidity Mining Scam

Imposter Scam"
fitbela.org,"Pig Butchering Scam

Liquidity Mining Scam

Imposter Scam"
fitbelaepro.com.tw,"Pig Butchering Scam

Liquidity Mining Scam

Imposter Scam"
fitbela.com,"Pig Butchering Scam

Liquidity Mining Scam

Imposter Scam"
fitbela.xyz,"Pig Butchering Scam

Liquidity Mining Scam

Imposter Scam"
Antrush.com,"Pig Butchering Scam

Fraudulent Trading Platform"
www.cryptocurrencybtx.com,"Pig Butchering Scam

Fraudulent Trading Platform"
www.cryptocurrencybitcore.com,"Pig Butchering Scam

Fraudulent Trading Platform"
https://apexelitetrades.net,"Pig Butchering Scam

Fraudulent Trading Platform"
https://altcoins-exchange.com,"Pig Butchering Scam

Fraudulent Trading Platform

Imposter Scam"
bitstampnd.info,"Imposter Scam

Fraudulent Trading Platform"
trader.bfy-c.co,"Pig Butchering Scam

Fraudulent Trading Platform

Romance Scam"
https://www.decurretbit.com/p/pc,"Imposter Scam

Pig Butchering Scam"
https://bitstackoption.com,"Imposter Scam

Pig Butchering Scam

Fraudulent Trading Platform"
https://tokenswap.net,"Pig Butchering Scam

Fraudulent Trading Platform"
https://www.crm.stunwill.com,Fraudulent Trading Platform
CoinWpro.xyz,"Fraudulent Trading Platform

Liquidity Mining Scam"
https://poloina.com/EfyF.html,Fraudulent Trading Platform
https://www.helius.pro/en/,"Pig Butchering Scam

Fraudulent Trading Platform"
https://user.helius.pro/,"Pig Butchering Scam

Fraudulent Trading Platform"
tesbtcinge.com,"Pig Butchering Scam.

Romance Scam

Fraudulent Trading Platform"
www.natsle.com,"Pig  Butchering Scam 

Fraudulent Trading Platform"
HGEex.com,"Pig Butchering Scam 

Fraudulent Trading Platform"
daoftxdex.com,"Imposter Scam 

Fraudulent Trading Platform"
solanaftxdex.com,"Imposter Scam 

Fraudulent Trading Platform"
bybitdex.com,"Imposter Scam 

Fraudulent Trading Platform"
sswapep.vip,"Pig Butchering Scam 

Fraudulent Trading Platform"
https://marketcap.cc/mobile,"Pig Butchering Scam 

Fraudulent Trading Platform"
https://kacofinance.io,"Imposter Scam

Pig Butchering Scam

Fraudulent Trading Platform"
SantanMarkets.co,"Imposter Scam

Pig Butchering Scam

Fraudulent Trading Platform"
rudolfstarkeps.com,Fraudulent Trading Platform
api.scbtrader.com,"Pig Butchering Scam

Fraudulent Trading Platform"
jexwallet.xyz,"Imposter Scam

Pig Butchering Scam

Romance Scam

Fraudulent Trading Platform"
